PKSpell,ps13,date
0.93279258400927,1.0,1361.0
0.9527896995708155,1.0,1361.0
0.9817073170731707,1.0,1361.0
0.93279258400927,1.0,1361.0
0.9527896995708155,1.0,1361.0
0.9517388218594748,1.0,1361.0
0.9817073170731707,1.0,1361.0
0.9517388218594748,1.0,1361.0
0.9527896995708155,1.0,1361.0
0.93279258400927,1.0,1361.0
0.9520174482006543,1.0,1370.0
0.9520174482006543,1.0,1370.0
0.910828025477707,1.0,1377.0
0.910828025477707,1.0,1377.0
0.9926470588235294,1.0,1377.0
0.9923371647509579,1.0,1436.0
0.9119170984455959,0.9844559585492227,1436.0
0.93125,1.0,1436.0
0.8415300546448088,1.0,1436.0
0.9153846153846154,1.0,1440.0
0.9470899470899471,1.0,1440.0
0.9427312775330396,1.0,1445.0
0.9128440366972477,1.0,1445.0
0.9427312775330396,1.0,1445.0
0.9454545454545454,1.0,1450.0
0.9911111111111112,1.0,1460.0
0.8659517426273459,1.0,1472.0
0.8659517426273459,1.0,1472.0
0.8668555240793201,0.9971671388101983,1474.0
0.8923395445134575,1.0,1474.0
0.8997134670487106,1.0,1474.0
0.893687707641196,1.0,1474.0
0.8923976608187134,1.0,1474.0
0.8923395445134575,1.0,1474.0
0.9058139534883721,1.0,1474.0
0.9864963503649635,1.0,1474.0
0.9456975772765246,1.0,1474.0
0.9754716981132076,1.0,1474.0
0.9456975772765246,1.0,1474.0
0.8014440433212996,1.0,1474.0
0.8014440433212996,1.0,1474.0
0.9864963503649635,1.0,1474.0
0.8854166666666666,1.0,1474.0
0.8981132075471698,1.0,1474.0
0.8747300215982722,1.0,1474.0
0.8653683319220999,0.9983065198983911,1474.0
0.9612403100775194,1.0,1474.0
0.8668555240793201,0.9971671388101983,1474.0
0.7848101265822784,1.0,1474.0
0.8876404494382022,1.0,1474.0
0.969626168224299,1.0,1474.0
0.9456975772765246,1.0,1474.0
0.9058139534883721,1.0,1474.0
1.0,1.0,1474.0
0.9456975772765246,1.0,1474.0
0.8876404494382022,1.0,1474.0
0.9456975772765246,1.0,1474.0
0.969626168224299,1.0,1474.0
0.7848101265822784,1.0,1474.0
0.9523809523809523,1.0,1474.0
0.8356164383561644,1.0,1474.0
0.9528301886792453,1.0,1474.0
0.9449612403100776,1.0,1474.0
0.9456975772765246,1.0,1474.0
0.9861878453038674,1.0,1474.0
1.0,1.0,1474.0
0.9341117597998332,1.0,1474.0
0.9612403100775194,1.0,1474.0
0.8014440433212996,1.0,1474.0
0.9523809523809523,1.0,1474.0
0.947565543071161,1.0,1474.0
0.8923976608187134,1.0,1474.0
0.9538461538461539,1.0,1474.0
0.9602122015915119,1.0,1475.0
0.8929889298892989,1.0,1475.0
0.8351351351351352,1.0,1475.0
0.9358108108108109,1.0,1475.0
0.7696793002915452,1.0,1475.0
0.8351351351351352,1.0,1475.0
0.8248847926267281,1.0,1475.0
0.7758007117437722,1.0,1475.0
0.9153846153846154,1.0,1475.0
0.9825708061002179,1.0,1475.0
0.9602122015915119,1.0,1475.0
0.8929889298892989,1.0,1475.0
0.9449275362318841,0.9971014492753624,1475.0
0.9358108108108109,1.0,1475.0
0.9617834394904459,1.0,1475.0
0.8351351351351352,1.0,1475.0
0.7978436657681941,1.0,1475.0
0.8929889298892989,1.0,1475.0
0.7758007117437722,1.0,1475.0
0.9825708061002179,1.0,1475.0
0.7696793002915452,1.0,1475.0
0.8158730158730159,1.0,1480.0
0.7914285714285715,1.0,1480.0
0.7989130434782609,1.0,1480.0
0.8158730158730159,1.0,1480.0
0.9569620253164557,1.0,1480.0
1.0,1.0,1485.0
1.0,1.0,1485.0
0.9908256880733946,1.0,1485.0
1.0,1.0,1485.0
0.8549618320610687,1.0,1485.0
1.0,1.0,1485.0
1.0,1.0,1485.0
0.888,1.0,1485.0
1.0,1.0,1485.0
1.0,1.0,1485.0
1.0,1.0,1485.0
1.0,1.0,1485.0
0.9908256880733946,1.0,1485.0
1.0,1.0,1485.0
1.0,1.0,1485.0
0.8549618320610687,1.0,1485.0
0.9841269841269841,1.0,1485.0
1.0,1.0,1485.0
1.0,1.0,1485.0
1.0,1.0,1485.0
0.8549618320610687,1.0,1485.0
1.0,1.0,1485.0
1.0,1.0,1485.0
0.8853211009174312,1.0,1485.0
1.0,1.0,1485.0
1.0,1.0,1485.0
1.0,1.0,1485.0
1.0,1.0,1485.0
1.0,1.0,1485.0
0.888,1.0,1485.0
0.99375,1.0,1485.0
1.0,1.0,1485.0
1.0,1.0,1485.0
1.0,1.0,1485.0
1.0,1.0,1485.0
0.9518072289156626,1.0,1485.0
1.0,1.0,1485.0
0.8853211009174312,1.0,1485.0
1.0,1.0,1485.0
1.0,1.0,1485.0
1.0,1.0,1485.0
0.9931506849315068,1.0,1485.0
0.8690476190476191,1.0,1485.0
1.0,1.0,1486.0
0.9210526315789473,1.0,1486.0
1.0,1.0,1486.0
0.9959839357429718,1.0,1486.0
1.0,1.0,1486.0
1.0,1.0,1486.0
1.0,1.0,1486.0
1.0,1.0,1486.0
0.9959839357429718,1.0,1486.0
0.9008264462809917,1.0,1486.0
0.8812785388127854,1.0,1486.0
1.0,1.0,1486.0
1.0,1.0,1486.0
1.0,1.0,1486.0
1.0,1.0,1486.0
0.8529411764705882,1.0,1486.0
0.8723404255319149,1.0,1486.0
1.0,1.0,1486.0
0.8431372549019608,1.0,1486.0
1.0,1.0,1486.0
0.9210526315789473,1.0,1486.0
1.0,1.0,1486.0
0.9210526315789473,1.0,1486.0
0.9767441860465116,1.0,1486.0
0.8333333333333334,1.0,1486.0
0.8431372549019608,1.0,1486.0
0.8723404255319149,1.0,1486.0
0.8333333333333334,1.0,1486.0
0.9210526315789473,1.0,1486.0
0.8529411764705882,1.0,1486.0
1.0,1.0,1486.0
0.8812785388127854,1.0,1486.0
0.9976019184652278,1.0,1497.0
0.9798115746971736,1.0,1497.0
0.9322235434007135,1.0,1497.0
0.97568093385214,1.0,1497.0
0.8954248366013072,1.0,1497.0
0.994306049822064,1.0,1497.0
0.9548872180451128,1.0,1497.0
0.8391167192429022,1.0,1497.0
0.8968951376684241,1.0,1497.0
0.9096774193548387,1.0,1497.0
0.9644970414201184,1.0,1497.0
0.967032967032967,0.9926739926739927,1497.0
0.9644970414201184,1.0,1497.0
0.8358369098712446,1.0,1497.0
0.967032967032967,0.9926739926739927,1497.0
0.9335634167385677,0.999137187230371,1497.0
0.8968951376684241,1.0,1497.0
0.8547794117647058,1.0,1497.0
0.9074074074074074,1.0,1497.0
0.8173862310385064,1.0,1497.0
0.9096774193548387,1.0,1497.0
0.9335634167385677,0.999137187230371,1497.0
0.8914893617021277,1.0,1497.0
0.8547794117647058,1.0,1497.0
0.8358369098712446,1.0,1497.0
0.9322235434007135,1.0,1497.0
0.9606557377049181,1.0,1497.0
0.929042904290429,1.0,1497.0
0.9064102564102564,1.0,1497.0
0.9959595959595959,1.0,1497.0
0.8146964856230032,1.0,1497.0
0.967032967032967,0.9926739926739927,1497.0
0.8908212560386474,1.0,1497.0
0.8199203187250996,1.0,1497.0
0.9661016949152542,1.0,1497.0
0.849624060150376,1.0,1497.0
0.8358369098712446,1.0,1497.0
0.9908136482939632,1.0,1497.0
0.8757637474541752,1.0,1497.0
0.849624060150376,1.0,1497.0
0.8070588235294117,1.0,1497.0
0.849624060150376,1.0,1497.0
0.9917355371900827,1.0,1497.0
0.9606557377049181,1.0,1497.0
0.9326599326599326,1.0,1497.0
0.9795918367346939,1.0,1497.0
0.9976019184652278,1.0,1497.0
0.9917355371900827,1.0,1497.0
0.9335634167385677,0.999137187230371,1497.0
0.8358369098712446,1.0,1497.0
0.8199203187250996,1.0,1497.0
0.8199203187250996,1.0,1497.0
0.9661016949152542,1.0,1497.0
0.9959595959595959,1.0,1497.0
0.9798115746971736,1.0,1497.0
0.9064102564102564,1.0,1497.0
0.981401115933044,1.0,1506.0
0.981401115933044,1.0,1506.0
0.981401115933044,1.0,1506.0
0.8866396761133604,1.0,1517.0
0.889763779527559,1.0,1517.0
0.8913043478260869,1.0,1517.0
0.8831417624521073,1.0,1517.0
0.8831417624521073,1.0,1517.0
0.889763779527559,1.0,1517.0
0.47275031685678076,1.0,1572.0
0.9752066115702479,1.0,1577.0
0.9646017699115044,1.0,1577.0
0.8642072213500785,1.0,1581.0
0.8649045521292217,1.0,1582.0
0.8649045521292217,1.0,1582.0
0.9054794520547945,1.0,1583.0
0.9054794520547945,1.0,1583.0
0.8128,0.96,1585.0
0.9349056603773584,0.940566037735849,1585.0
0.8920731707317073,0.9945121951219512,1585.0
0.7818574514038877,0.9481641468682506,1585.0
0.8128,0.96,1585.0
0.8128,0.96,1585.0
0.9076751946607341,0.9988876529477196,1585.0
0.88625,1.0,1585.0
0.8036303630363036,1.0,1585.0
0.8981958762886598,0.9948453608247423,1585.0
0.8089887640449438,0.9438202247191011,1585.0
0.7907949790794979,0.9581589958158996,1585.0
0.9493333333333334,0.996,1585.0
0.8123249299719888,0.969187675070028,1585.0
0.9493333333333334,0.996,1585.0
0.9493333333333334,0.996,1585.0
0.9349056603773584,0.940566037735849,1585.0
0.8981958762886598,0.9948453608247423,1585.0
0.8420382165605096,0.9898089171974522,1585.0
0.7837259100642399,0.9721627408993576,1585.0
0.8766881972988844,0.9994128009395185,1589.0
0.8766881972988844,0.9994128009395185,1589.0
0.7975460122699386,0.9984662576687117,1607.0
0.9546142208774584,1.0,1607.0
0.9216478190630049,1.0,1607.0
0.9546142208774584,1.0,1607.0
0.847872340425532,1.0,1607.0
0.847872340425532,1.0,1607.0
0.8291970802919708,1.0,1607.0
0.8726655348047538,1.0,1607.0
0.8688524590163934,1.0,1607.0
0.8608058608058609,1.0,1607.0
0.8291970802919708,1.0,1607.0
0.8797202797202798,1.0,1607.0
0.8291970802919708,1.0,1607.0
0.9546142208774584,1.0,1607.0
0.8410214168039539,0.9983525535420099,1607.0
0.8688524590163934,1.0,1607.0
0.8410214168039539,0.9983525535420099,1607.0
0.8726655348047538,1.0,1607.0
0.8707584830339321,0.9985029940119761,1623.0
0.918572735590119,1.0,1623.0
0.7348160821214713,1.0,1623.0
0.8742012779552716,0.9984025559105432,1641.0
0.7872744539411206,0.9981006647673314,1648.0
0.7872744539411206,0.9981006647673314,1648.0
0.9325544344131704,1.0,1648.0
0.9325544344131704,1.0,1648.0
0.7872744539411206,0.9981006647673314,1648.0
0.7974683544303798,1.0,1681.0
0.6280487804878049,0.9939024390243902,1681.0
0.8758542141230068,1.0,1681.0
0.8805555555555555,1.0,1681.0
0.5608552631578947,1.0,1681.0
0.9174311926605505,1.0,1681.0
0.7083333333333334,1.0,1681.0
0.8627450980392157,1.0,1681.0
0.782967032967033,1.0,1681.0
0.6440092165898618,1.0,1681.0
0.8758542141230068,1.0,1681.0
0.9675675675675676,1.0,1681.0
0.6161178509532063,1.0,1681.0
0.7135593220338983,1.0,1681.0
0.9141414141414141,1.0,1681.0
0.6945551128818062,1.0,1681.0
0.8758542141230068,1.0,1681.0
0.7292161520190024,1.0,1681.0
0.6161178509532063,1.0,1681.0
0.8359550561797753,1.0,1681.0
0.7353846153846154,1.0,1681.0
0.8887303851640513,0.9985734664764622,1681.0
0.6770334928229665,1.0,1681.0
0.7135593220338983,1.0,1681.0
0.7083333333333334,1.0,1681.0
0.782967032967033,1.0,1681.0
0.716374269005848,1.0,1681.0
0.8627450980392157,1.0,1681.0
0.9174311926605505,1.0,1681.0
0.7483617300131061,1.0,1681.0
0.5608552631578947,1.0,1681.0
0.5248618784530387,1.0,1681.0
0.5818181818181818,1.0,1681.0
0.9315403422982885,1.0,1681.0
0.5818181818181818,1.0,1681.0
0.8627450980392157,1.0,1681.0
0.7483617300131061,1.0,1681.0
0.7924151696606786,1.0,1681.0
0.8051948051948052,1.0,1681.0
0.7325153374233129,1.0,1681.0
0.7292161520190024,1.0,1681.0
0.8363636363636363,1.0,1681.0
0.7515337423312883,1.0,1689.0
0.9024390243902439,1.0,1689.0
0.6072106261859582,1.0,1689.0
0.8844086021505376,1.0,1689.0
0.8458149779735683,1.0,1689.0
0.7795698924731183,1.0,1689.0
0.6571936056838366,1.0,1689.0
0.7464285714285714,1.0,1689.0
0.8458149779735683,1.0,1689.0
0.917910447761194,1.0,1689.0
0.8908554572271387,1.0,1689.0
0.6698113207547169,0.9968553459119497,1689.0
0.8908554572271387,1.0,1689.0
0.917910447761194,1.0,1689.0
0.7515337423312883,1.0,1689.0
0.8633217993079585,1.0,1689.0
0.5969230769230769,1.0,1689.0
0.8458149779735683,1.0,1689.0
0.5969230769230769,1.0,1689.0
0.907098121085595,1.0,1689.0
0.7213438735177866,1.0,1689.0
0.6571936056838366,1.0,1689.0
0.8655737704918033,1.0,1689.0
0.8458149779735683,1.0,1689.0
0.875,1.0,1689.0
0.8783151326053042,0.9984399375975039,1689.0
0.917910447761194,1.0,1689.0
0.6962025316455697,1.0,1689.0
0.875,1.0,1689.0
0.4962962962962963,1.0,1689.0
0.9739357080799305,1.0,1689.0
0.875,1.0,1689.0
0.7067209775967414,1.0,1689.0
0.6814814814814815,1.0,1689.0
0.8844086021505376,1.0,1689.0
0.6027397260273972,1.0,1689.0
0.637883008356546,1.0,1689.0
0.917910447761194,1.0,1689.0
0.7067209775967414,1.0,1689.0
0.7515337423312883,1.0,1689.0
0.5969230769230769,1.0,1689.0
0.6072106261859582,1.0,1689.0
0.9017857142857143,1.0,1689.0
0.7213438735177866,1.0,1689.0
0.8181818181818182,1.0,1694.0
0.6628440366972477,1.0,1694.0
0.5697278911564626,1.0,1694.0
0.8894117647058823,1.0,1694.0
0.9388083735909822,1.0,1694.0
0.875,1.0,1694.0
0.8571428571428571,0.9977324263038548,1694.0
0.59,1.0,1694.0
0.9388083735909822,1.0,1694.0
0.7906976744186046,1.0,1694.0
0.9154929577464789,1.0,1694.0
0.7831978319783198,0.997289972899729,1694.0
0.9154929577464789,1.0,1694.0
0.6604774535809018,1.0,1694.0
0.49283667621776506,0.9885386819484241,1694.0
0.7292817679558011,1.0,1694.0
0.8384074941451991,1.0,1694.0
0.625,1.0,1694.0
0.8871915393654524,1.0,1694.0
0.5697278911564626,1.0,1694.0
0.8181818181818182,1.0,1694.0
0.8586065573770492,1.0,1694.0
0.625,1.0,1694.0
0.7425876010781671,0.9986522911051213,1694.0
0.5740740740740741,1.0,1694.0
0.6790615316511731,1.0,1694.0
0.5697278911564626,1.0,1694.0
0.7345454545454545,1.0,1694.0
0.6223662884927067,1.0,1694.0
0.49283667621776506,0.9885386819484241,1694.0
0.5740740740740741,1.0,1694.0
0.7831978319783198,0.997289972899729,1694.0
0.8871915393654524,1.0,1694.0
0.8263665594855305,1.0,1694.0
0.6486486486486487,1.0,1694.0
0.6685082872928176,0.9060773480662984,1694.0
0.7292817679558011,1.0,1694.0
0.7345454545454545,1.0,1694.0
0.6223662884927067,1.0,1694.0
0.8571428571428571,0.9977324263038548,1694.0
0.7294520547945206,1.0,1694.0
0.6685082872928176,0.9060773480662984,1694.0
0.6790615316511731,1.0,1694.0
0.9228346456692913,1.0,1694.0
0.6809338521400778,0.9980544747081712,1694.0
0.7425876010781671,0.9986522911051213,1694.0
0.6223662884927067,1.0,1694.0
0.8871915393654524,1.0,1694.0
0.7132867132867133,1.0,1700.0
0.8905472636815921,1.0,1700.0
0.9525504151838672,0.9976275207591934,1700.0
0.7565084226646248,1.0,1700.0
0.5249169435215947,1.0,1700.0
0.5249169435215947,1.0,1700.0
0.6746575342465754,1.0,1700.0
0.7132867132867133,1.0,1700.0
0.3235294117647059,1.0,1700.0
0.9267399267399268,0.9981684981684982,1700.0
0.7246913580246913,0.9987654320987654,1700.0
0.8157894736842105,1.0,1700.0
0.5845824411134903,0.9978586723768736,1700.0
0.7345537757437071,0.9977116704805492,1700.0
0.7545909849749582,1.0,1700.0
0.8823529411764706,0.9991087344028521,1700.0
0.6346381969157769,1.0,1700.0
0.759825327510917,1.0,1700.0
0.9267399267399268,0.9981684981684982,1700.0
0.8461538461538461,1.0,1700.0
0.5866013071895425,1.0,1700.0
0.937007874015748,1.0,1700.0
0.9404332129963899,0.9927797833935018,1700.0
0.8734177215189873,1.0,1700.0
0.634703196347032,1.0,1700.0
0.5067567567567568,0.9932432432432432,1700.0
0.5936254980079682,1.0,1700.0
0.8741610738255033,1.0,1700.0
0.4380952380952381,1.0,1700.0
0.4380952380952381,1.0,1700.0
0.9267399267399268,0.9981684981684982,1700.0
0.8858447488584474,1.0,1700.0
0.7551020408163265,1.0,1700.0
0.8398058252427184,1.0,1700.0
0.7551020408163265,1.0,1700.0
0.7565084226646248,1.0,1700.0
0.7988980716253443,1.0,1700.0
0.48242811501597443,1.0,1700.0
0.8823529411764706,0.9991087344028521,1700.0
0.8872549019607843,1.0,1700.0
0.5067567567567568,0.9932432432432432,1700.0
0.7545909849749582,1.0,1700.0
0.8398058252427184,1.0,1700.0
0.8398058252427184,1.0,1700.0
0.8157894736842105,1.0,1700.0
0.8461538461538461,1.0,1700.0
0.5069444444444444,1.0,1700.0
0.9267399267399268,0.9981684981684982,1700.0
0.6832844574780058,1.0,1700.0
0.9525504151838672,0.9976275207591934,1700.0
0.634703196347032,1.0,1700.0
0.8741610738255033,1.0,1700.0
0.6373626373626373,1.0,1700.0
0.6346381969157769,1.0,1700.0
0.7341772151898734,1.0,1714.0
0.7549549549549549,1.0,1714.0
0.7254138266796495,1.0,1714.0
0.6916118421052632,0.9983552631578947,1714.0
0.7059961315280464,0.9980657640232108,1714.0
0.7692307692307693,1.0,1714.0
0.7052469135802469,1.0,1714.0
0.9391666666666667,0.9983333333333333,1714.0
0.8880757640981489,0.9991390443392165,1714.0
0.7052469135802469,1.0,1714.0
0.6913907284768211,1.0,1714.0
0.6206225680933852,0.9922178988326849,1714.0
0.5956354300385109,1.0,1714.0
0.5573248407643312,1.0,1714.0
0.7530730296456978,0.9971077368040492,1714.0
0.7225866916588566,1.0,1714.0
0.7444633730834753,0.9982964224872232,1714.0
0.6706730769230769,0.9967948717948718,1714.0
0.6706730769230769,0.9967948717948718,1714.0
0.6916118421052632,0.9983552631578947,1714.0
0.7037444933920705,1.0,1714.0
0.9077632590315142,1.0,1714.0
0.6206225680933852,0.9922178988326849,1714.0
0.6913907284768211,1.0,1714.0
0.8512396694214877,1.0,1714.0
0.7978436657681941,1.0,1714.0
0.6467817896389325,1.0,1714.0
0.7142857142857143,1.0,1714.0
0.6814772071552222,1.0,1714.0
0.8941951420337587,0.9991766158913133,1714.0
0.7549549549549549,1.0,1714.0
0.9391666666666667,0.9983333333333333,1714.0
0.6493589743589744,0.9948717948717949,1714.0
0.6815728604471858,1.0,1714.0
0.7549549549549549,1.0,1714.0
0.6493589743589744,0.9948717948717949,1714.0
0.9282608695652174,0.9945652173913043,1714.0
0.6206225680933852,0.9922178988326849,1714.0
0.9098837209302325,0.999031007751938,1714.0
0.5956354300385109,1.0,1714.0
0.7549549549549549,1.0,1714.0
0.9391666666666667,0.9983333333333333,1714.0
0.6206225680933852,0.9922178988326849,1714.0
0.6206225680933852,0.9922178988326849,1714.0
0.6306122448979592,1.0,1714.0
0.9632829373650108,0.9956803455723542,1714.0
0.6815728604471858,1.0,1714.0
0.7165532879818595,1.0,1714.0
0.9033674963396779,1.0,1714.0
0.7654320987654321,1.0,1714.0
0.7341772151898734,1.0,1714.0
0.6814772071552222,1.0,1714.0
0.9282608695652174,0.9945652173913043,1714.0
0.7165532879818595,1.0,1714.0
0.7654320987654321,1.0,1714.0
0.6814772071552222,1.0,1714.0
0.7113772455089821,1.0,1714.0
0.861904761904762,1.0,1714.0
0.9430051813471503,0.9965457685664939,1714.0
0.6962025316455697,1.0,1714.0
0.5548686244204019,1.0,1714.0
0.9031476997578692,1.0,1714.0
0.6206225680933852,0.9922178988326849,1714.0
0.6904761904761905,0.9919678714859438,1721.0
0.6451345068083694,0.9995018266356692,1721.0
0.6904761904761905,0.9919678714859438,1721.0
0.8532494758909853,0.9350104821802935,1737.0
0.7505454545454545,0.9985454545454545,1737.0
0.7528830313014827,1.0,1737.0
0.7958387516254877,1.0,1737.0
0.8021481062747314,1.0,1737.0
0.7505454545454545,0.9985454545454545,1737.0
0.6935918147549811,0.9854604200323102,1774.0
0.8410286382232612,0.9736995908825249,1774.0
0.7033898305084746,0.986682808716707,1774.0
0.7377521613832853,0.9942363112391931,1774.0
0.6099644128113879,0.99644128113879,1774.0
0.6337662337662338,0.9844155844155844,1774.0
0.6464088397790055,0.998158379373849,1774.0
0.7574123989218329,0.9892183288409704,1774.0
0.7574123989218329,0.9892183288409704,1774.0
0.7033898305084746,0.986682808716707,1774.0
0.7117988394584139,0.9748549323017408,1774.0
0.6847014925373134,0.9832089552238806,1774.0
0.8324607329842932,0.9869109947643979,1774.0
0.8775510204081632,0.9883381924198251,1774.0
0.6935918147549811,0.9854604200323102,1774.0
0.6333973128598849,0.9731285988483686,1774.0
0.8410286382232612,0.9736995908825249,1774.0
0.9147398843930635,0.9783236994219653,1774.0
0.674074074074074,1.0,1774.0
0.8775510204081632,0.9883381924198251,1774.0
0.6333973128598849,0.9731285988483686,1774.0
0.9147398843930635,0.9783236994219653,1774.0
0.6099644128113879,0.99644128113879,1774.0
0.6099644128113879,0.99644128113879,1774.0
0.7574123989218329,0.9892183288409704,1774.0
0.6673892846082379,0.9770826881387427,1774.0
0.8324607329842932,0.9869109947643979,1774.0
0.7678018575851393,0.9969040247678018,1774.0
0.6847014925373134,0.9832089552238806,1774.0
0.8889279437609842,0.9803163444639719,1774.0
0.7574123989218329,0.9892183288409704,1774.0
0.6935918147549811,0.9854604200323102,1774.0
0.8889279437609842,0.9803163444639719,1774.0
0.6464088397790055,0.998158379373849,1774.0
0.6847014925373134,0.9832089552238806,1774.0
0.8859000224164986,0.9926025554808339,1777.0
0.8466453674121406,0.9946751863684771,1777.0
0.8837772397094431,0.9888014527845036,1777.0
0.8837772397094431,0.9888014527845036,1777.0
0.9031103770988164,0.9823837049270575,1777.0
0.7300578034682081,0.9910404624277457,1777.0
0.8680310515172901,0.9922371206774877,1777.0
0.8229916897506925,0.9994459833795014,1777.0
0.8535075653370013,0.9903713892709766,1777.0
0.6394822006472491,0.9941747572815534,1783.0
0.7060518731988472,1.0,1783.0
0.674923391215526,0.9979570990806946,1783.0
0.8154954060094363,0.9885771045443258,1783.0
0.6394822006472491,0.9941747572815534,1783.0
0.704225352112676,0.9971830985915493,1783.0
0.7766254487435181,0.9980055843637814,1783.0
0.7060518731988472,1.0,1783.0
0.704225352112676,0.9971830985915493,1783.0
0.9329758713136729,0.9886058981233244,1783.0
0.7060518731988472,1.0,1783.0
0.8912732474964234,1.0,1783.0
0.8197523754678951,0.9807083213360207,1783.0
0.9369905956112853,0.993103448275862,1783.0
0.674923391215526,0.9979570990806946,1783.0
0.7393779505692863,0.9988891974451541,1783.0
0.6520061728395061,0.9776234567901234,1783.0
0.6123469563717883,0.9932747025349198,1785.0
0.6123469563717883,0.9932747025349198,1785.0
0.6123469563717883,0.9932747025349198,1785.0
0.6858325666973321,0.9912603495860166,1785.0
0.6858325666973321,0.9912603495860166,1785.0
0.6123469563717883,0.9932747025349198,1785.0
0.6123469563717883,0.9932747025349198,1785.0
0.6365949572056442,0.9905158454776776,1788.0
0.8551193848644274,0.9858356940509915,1788.0
0.9292586304470855,0.9966044142614601,1788.0
0.8551193848644274,0.9858356940509915,1788.0
0.6365949572056442,0.9905158454776776,1788.0
0.7154121863799283,0.9939068100358422,1788.0
0.7072354663320787,0.9895441237975743,1789.0
0.536908077994429,0.979108635097493,1789.0
0.7553041018387553,0.946958981612447,1791.0
0.687797147385103,1.0,1791.0
0.6836043360433605,0.9962737127371274,1791.0
0.810204870506378,1.0,1791.0
0.7737373737373737,0.9954545454545455,1791.0
0.7553041018387553,0.946958981612447,1791.0
0.7803418803418803,1.0,1791.0
0.810204870506378,1.0,1791.0
0.7915176290240163,0.9481349003576903,1791.0
0.8206593406593407,0.9929670329670329,1791.0
0.8340174906300196,0.9814385150812065,1793.0
0.8924528301886793,0.9836477987421384,1793.0
0.863342566943675,0.9932286857494613,1793.0
0.8172928461142563,0.9788986103962944,1793.0
0.8924528301886793,0.9836477987421384,1793.0
0.8924528301886793,0.9836477987421384,1793.0
0.8172928461142563,0.9788986103962944,1793.0
0.9824561403508771,1.0,1797.0
0.9824561403508771,1.0,1797.0
0.2815533980582524,0.009708737864077669,1815.0
0.9401197604790419,0.9880239520958084,1815.0
0.6818181818181818,1.0,1815.0
0.7792207792207793,1.0,1815.0
0.07216494845360824,1.0,1815.0
0.594059405940594,1.0,1815.0
0.588477366255144,0.9917695473251029,1815.0
0.7439024390243902,1.0,1815.0
0.7969924812030075,1.0,1815.0
0.588477366255144,0.9917695473251029,1815.0
0.594059405940594,1.0,1815.0
0.6875,1.0,1815.0
0.07216494845360824,1.0,1815.0
0.19130434782608696,0.991304347826087,1815.0
0.7064676616915423,1.0,1815.0
0.7064676616915423,1.0,1815.0
0.8125,0.9895833333333334,1815.0
0.47058823529411764,0.016042780748663103,1815.0
0.09784661881375141,0.019644880997355497,1827.0
0.6579861111111112,0.9729662698412699,1827.0
0.49105024800517577,0.9691610955359068,1827.0
0.5267756026532924,0.9914253357061964,1827.0
0.27889908256880735,0.9245085190039318,1827.0
0.27889908256880735,0.9245085190039318,1827.0
0.5598999473407056,0.9876250658241179,1827.0
0.5267756026532924,0.9914253357061964,1827.0
0.8454661558109834,0.9910600255427842,1829.0
0.004424778761061947,1.0,1830.0
0.3501144164759725,0.9530892448512586,1830.0
0.5871698113207547,0.9894339622641509,1830.0
0.004424778761061947,1.0,1830.0
0.6553299492385787,0.9939086294416244,1830.0
0.6004872107186358,0.9902557856272838,1832.0
0.6004872107186358,0.9902557856272838,1832.0
0.7726692209450831,0.9719029374201787,1832.0
0.6004872107186358,0.9902557856272838,1832.0
0.7325475974614687,0.956482320942883,1833.0
0.3686970552642194,0.9620814844695442,1833.0
0.3404500865551068,0.9751875360646278,1833.0
0.5303030303030303,0.9742424242424242,1833.0
0.3404500865551068,0.9751875360646278,1833.0
0.8160112359550562,0.9978932584269663,1834.0
0.6657801418439716,0.9937943262411347,1834.0
0.405152224824356,0.9311475409836065,1834.0
0.405152224824356,0.9311475409836065,1834.0
0.8685376661742984,0.9645494830132939,1835.0
0.44499381953028433,0.965389369592089,1836.0
0.2363734484619536,0.1651376146788991,1836.0
0.2363734484619536,0.1651376146788991,1836.0
0.2561659192825112,0.945067264573991,1836.0
0.2363734484619536,0.1651376146788991,1836.0
0.44499381953028433,0.965389369592089,1836.0
0.7162393162393162,0.9982905982905983,1836.0
0.2363734484619536,0.1651376146788991,1836.0
0.2363734484619536,0.1651376146788991,1836.0
0.692,0.974,1837.0
0.4034741413343861,0.2479273588630083,1837.0
0.4034741413343861,0.2479273588630083,1837.0
0.1894353369763206,0.9854280510018215,1838.0
0.6532756489493201,0.9862793572311496,1838.0
0.5162846803377563,0.9891435464414958,1839.0
0.5045977011494253,0.960919540229885,1839.0
0.5162846803377563,0.9891435464414958,1839.0
0.5045977011494253,0.960919540229885,1839.0
0.5045977011494253,0.960919540229885,1839.0
0.6509186351706037,0.9927821522309711,1840.0
0.218970736629667,0.7204843592330978,1841.0
0.218970736629667,0.7204843592330978,1841.0
0.8119584055459272,0.9896013864818024,1841.0
0.218970736629667,0.7204843592330978,1841.0
0.4669590643274854,0.9783625730994152,1841.0
0.841505695889054,0.9910846953937593,1842.0
0.742277764678142,0.9224239566140061,1842.0
0.841505695889054,0.9910846953937593,1842.0
0.8197203826342899,0.9910228108903606,1842.0
0.841505695889054,0.9910846953937593,1842.0
0.8197203826342899,0.9910228108903606,1842.0
0.7438173747622068,0.9505389980976537,1842.0
0.9061522419186653,0.9979144942648592,1843.0
0.6862652869238005,0.9651928504233303,1843.0
0.43334860284012827,0.9097572148419606,1843.0
0.35377358490566035,0.06509433962264151,1844.0
0.5241958041958042,0.8446153846153847,1844.0
0.5942126514131898,0.9851951547779273,1844.0
0.5241958041958042,0.8446153846153847,1844.0
0.4553072625698324,0.8568435754189944,1844.0
0.4553072625698324,0.8568435754189944,1844.0
0.5241958041958042,0.8446153846153847,1844.0
0.29209252286175363,0.9887036040882194,1845.0
0.4586301369863014,0.9879452054794521,1846.0
0.5734513274336284,0.9893805309734514,1846.0
0.2659870250231696,0.943466172381835,1846.0
0.2659870250231696,0.943466172381835,1846.0
0.18631178707224336,0.788339670468948,1846.0
0.4586301369863014,0.9879452054794521,1846.0
0.5778989305934158,0.9958062486894527,1847.0
0.5778989305934158,0.9958062486894527,1847.0
0.5778989305934158,0.9958062486894527,1847.0
0.4019073569482289,0.08673932788374206,1847.0
0.5227923938525658,0.9846314144308413,1847.0
0.604614904895541,0.9956345494231369,1847.0
0.5227923938525658,0.9846314144308413,1847.0
0.5296061212068516,0.8949656551604208,1849.0
0.6280254777070063,0.9668789808917198,1849.0
0.6280254777070063,0.9668789808917198,1849.0
0.4853916354802705,0.7637712559910709,1853.0
0.6677937447168216,0.9991546914623838,1855.0
0.7223186393613329,0.8913571676501215,1855.0
0.5385252692626347,0.9552609776304888,1855.0
0.6066350710900474,0.919431279620853,1855.0
0.7223186393613329,0.8913571676501215,1855.0
0.4352047277332208,0.9472351203039258,1858.0
0.8038277511961722,0.9984051036682615,1866.0
0.7849056603773585,0.9962264150943396,1866.0
0.8446069469835467,1.0,1866.0
0.649325626204239,0.9884393063583815,1866.0
0.8038277511961722,0.9984051036682615,1866.0
0.504297994269341,0.9914040114613181,1866.0
0.8446069469835467,1.0,1866.0
0.7849056603773585,0.9962264150943396,1866.0
0.06030150753768844,0.1899497487437186,1870.0
0.37728026533996684,0.7653399668325042,1870.0
0.3651877133105802,0.006825938566552901,1870.0
0.3651877133105802,0.006825938566552901,1870.0
0.31609870740305523,1.0,1870.0
0.5449029126213593,0.9975728155339806,1870.0
0.06030150753768844,0.1899497487437186,1870.0
0.30097087378640774,1.0,1875.0
0.7097989949748744,0.9987437185929648,1875.0
0.19930555555555557,0.8055555555555556,1875.0
0.7097989949748744,0.9987437185929648,1875.0
0.19930555555555557,0.8055555555555556,1875.0
0.5240464344941956,0.9734660033167496,1875.0
0.7097989949748744,0.9987437185929648,1875.0
0.5679925994449584,0.9879740980573543,1876.0
0.4046278924327705,0.2326454033771107,1876.0
0.7549283154121864,0.9681899641577061,1876.0
0.4046278924327705,0.2326454033771107,1876.0
0.4046278924327705,0.2326454033771107,1876.0
0.5790609821910415,0.9751753912574204,1876.0
0.7092095721537346,0.9753444525018129,1876.0
0.5679925994449584,0.9879740980573543,1876.0
0.5679925994449584,0.9879740980573543,1876.0
0.7549283154121864,0.9681899641577061,1876.0
0.615038823048631,0.9865140988966081,1876.0
0.615038823048631,0.9865140988966081,1876.0
0.7014652014652014,0.9084249084249084,1881.0
0.4117647058823529,0.5460358056265985,1883.0
0.2727272727272727,0.9783549783549783,1883.0
0.2727272727272727,0.9783549783549783,1883.0
0.4117647058823529,0.5460358056265985,1883.0
0.40128928283642223,0.09427880741337631,1892.0
0.3422594142259414,0.9966527196652719,1892.0
0.6416666666666667,0.8982142857142857,1892.0
0.6416666666666667,0.8982142857142857,1892.0
0.3422594142259414,0.9966527196652719,1892.0
0.037308461025982675,0.9913391072618255,1894.0
0.13503123498318118,0.10667948101874099,1894.0
0.015677966101694914,0.006779661016949152,1894.0
0.037308461025982675,0.9913391072618255,1894.0
0.015677966101694914,0.006779661016949152,1894.0
0.3187919463087248,0.06795302013422819,1894.0
0.7552447552447552,0.9965034965034965,1894.0
0.7552447552447552,0.9965034965034965,1894.0
0.3187919463087248,0.06795302013422819,1894.0
0.36350877192982456,0.9361403508771929,1894.0
0.36350877192982456,0.9361403508771929,1894.0
0.801045093864912,0.9781304431972131,1896.0
0.7236180904522613,0.9851256281407035,1896.0
0.5167037861915368,0.9804008908685968,1896.0
0.801045093864912,0.9781304431972131,1896.0
0.7,0.9902439024390244,1898.0
0.30434782608695654,0.989769820971867,1898.0
0.2537313432835821,0.9900497512437811,1898.0
0.6181434599156118,0.9535864978902954,1898.0
0.33532934131736525,0.9970059880239521,1898.0
0.16069489685124863,1.0,1898.0
0.6181434599156118,0.9535864978902954,1898.0
0.2537313432835821,0.9900497512437811,1898.0
0.6181434599156118,0.9535864978902954,1898.0
0.587360594795539,0.9925650557620818,1898.0
0.6751497005988024,1.0,1898.0
0.6923076923076923,0.9769230769230769,1898.0
0.5808444902162719,0.7239958805355304,1898.0
0.15736040609137056,0.9974619289340102,1898.0
0.3137628669462448,0.9830346930995044,1899.0
0.6143564356435643,0.9688118811881188,1899.0
0.3137628669462448,0.9830346930995044,1899.0
0.6373429084380611,0.9910233393177738,1900.0
0.5791139240506329,0.9873417721518988,1900.0
0.4527687296416938,0.996742671009772,1900.0
0.7118055555555556,1.0,1900.0
0.5205811138014528,0.9951573849878934,1900.0
0.6524696835255841,0.9899438036083998,1900.0
0.6487907465825447,0.987031195233088,1901.0
0.5037984806077569,0.9888044782087165,1901.0
0.3459624952162266,0.9494833524684271,1901.0
0.3459624952162266,0.9494833524684271,1901.0
0.6053894425987449,0.9782207456626061,1901.0
0.7938550965331119,0.9757110234585842,1902.0
0.7938550965331119,0.9757110234585842,1902.0
0.7938550965331119,0.9757110234585842,1902.0
0.9057190219643597,0.9722337339411521,1902.0
0.9057190219643597,0.9722337339411521,1902.0
0.7996534546242149,0.9495343296512887,1902.0
0.8639000446229362,0.966309683177153,1903.0
0.26506024096385544,0.1465863453815261,1903.0
0.26506024096385544,0.1465863453815261,1903.0
0.26506024096385544,0.1465863453815261,1903.0
0.6003172085646312,0.9714512291831879,1905.0
0.7565095003518649,0.9697396199859254,1905.0
0.7565095003518649,0.9697396199859254,1905.0
0.6003172085646312,0.9714512291831879,1905.0
0.8738330975954738,0.9748231966053749,1905.0
0.855084067253803,0.9575660528422738,1907.0
0.6143219622215957,0.9734987313222442,1907.0
0.855084067253803,0.9575660528422738,1907.0
0.855084067253803,0.9575660528422738,1907.0
0.37109103544127864,0.9562195969423211,1907.0
0.6006066734074823,0.9605662285136501,1908.0
0.5191107644305772,0.9551482059282371,1908.0
0.6007366482504604,0.9756906077348066,1908.0
0.5191107644305772,0.9551482059282371,1908.0
0.8696219035202086,0.9600173837461973,1909.0
0.8705007824726134,0.9667449139280125,1909.0
0.830249768732655,0.9546716003700277,1909.0
0.4942857142857143,0.8514285714285714,1913.0
0.4942857142857143,0.8514285714285714,1913.0
0.42028985507246375,0.6811594202898551,1914.0
0.595088161209068,0.97544080604534,1914.0
0.595088161209068,0.97544080604534,1914.0
0.580177276390008,0.9814665592264303,1917.0
